Section / chapter title,Content status,EN complete,FA complete,ZH complete,Human review,Source key,Nav path,Trust status
Home,Complete,Yes,Yes,Yes,No,index,index.md,unreviewed
Cheatsheet / Home,Complete,Yes,Yes,Yes,No,cheatsheet/index,cheatsheet/index.md,unreviewed
Cheatsheet / Guides / Overview,Complete,Yes,Yes,Yes,No,cheatsheet/guides/OVERVIEW,cheatsheet/guides/OVERVIEW.md,unreviewed
Cheatsheet / Guides / Quick start,Complete,Yes,Yes,Yes,No,cheatsheet/guides/quickstart,cheatsheet/guides/quickstart.md,unreviewed
Cheatsheet / Guides / Getting started,Complete,Yes,Yes,Yes,No,cheatsheet/guides/getting-started,cheatsheet/guides/getting-started.md,unreviewed
Cheatsheet / Guides / Terminology glossary,Complete,Yes,Yes,Yes,No,cheatsheet/guides/i18n-glossary,cheatsheet/guides/i18n-glossary.md,unreviewed
Cheatsheet / Guides / Troubleshooting guide,Complete,Yes,Yes,Yes,No,cheatsheet/guides/troubleshooting-guide,cheatsheet/guides/troubleshooting-guide.md,unreviewed
Cheatsheet / Guides / Config lookup,Complete,Yes,Yes,Yes,No,cheatsheet/guides/config-lookup,cheatsheet/guides/config-lookup.md,unreviewed
Cheatsheet / Guides / Config deep dives / RGW config deep dive / Start here / Overview,Complete,Yes,Yes,Yes,No,cheatsheet/guides/rgw-config/OVERVIEW,cheatsheet/guides/rgw-config/OVERVIEW.md,unreviewed
Cheatsheet / Guides / Config deep dives / RGW config deep dive / Start here / Tuning quick reference,Complete,Yes,Yes,Yes,No,cheatsheet/guides/rgw-config/TUNING,cheatsheet/guides/rgw-config/TUNING.md,unreviewed
Cheatsheet / Guides / Config deep dives / RGW config deep dive / Core gateway / Frontends & HTTP stack,Complete,Yes,Yes,Yes,No,cheatsheet/guides/rgw-config/core-gateway/frontends,cheatsheet/guides/rgw-config/core-gateway/frontends.md,unreviewed
Cheatsheet / Guides / Config deep dives / RGW config deep dive / Core gateway / Feature toggles,Complete,Yes,Yes,Yes,No,cheatsheet/guides/rgw-config/core-gateway/feature-toggles,cheatsheet/guides/rgw-config/core-gateway/feature-toggles.md,unreviewed
Cheatsheet / Guides / Config deep dives / RGW config deep dive / Core gateway / Scheduler & dmclock,Complete,Yes,Yes,Yes,No,cheatsheet/guides/rgw-config/core-gateway/scheduler-dmclock,cheatsheet/guides/rgw-config/core-gateway/scheduler-dmclock.md,unreviewed
Cheatsheet / Guides / Config deep dives / RGW config deep dive / Core gateway / HTTP compatibility,Complete,Yes,Yes,Yes,No,cheatsheet/guides/rgw-config/core-gateway/http-compat,cheatsheet/guides/rgw-config/core-gateway/http-compat.md,unreviewed
Cheatsheet / Guides / Config deep dives / RGW config deep dive / Core gateway / Core runtime,Complete,Yes,Yes,Yes,No,cheatsheet/guides/rgw-config/core-gateway/core-runtime,cheatsheet/guides/rgw-config/core-gateway/core-runtime.md,unreviewed
Cheatsheet / Guides / Config deep dives / RGW config deep dive / Performance & I/O / Concurrency & RADOS I/O,Complete,Yes,Yes,Yes,No,cheatsheet/guides/rgw-config/performance-io/performance-tuning,cheatsheet/guides/rgw-config/performance-io/performance-tuning.md,unreviewed
Cheatsheet / Guides / Config deep dives / RGW config deep dive / Performance & I/O / Object read/write windows,Complete,Yes,Yes,Yes,No,cheatsheet/guides/rgw-config/performance-io/object-io,cheatsheet/guides/rgw-config/performance-io/object-io.md,unreviewed
Cheatsheet / Guides / Config deep dives / RGW config deep dive / Performance & I/O / Multipart & copy,Complete,Yes,Yes,Yes,No,cheatsheet/guides/rgw-config/performance-io/multipart-copy,cheatsheet/guides/rgw-config/performance-io/multipart-copy.md,unreviewed
Cheatsheet / Guides / Config deep dives / RGW config deep dive / Performance & I/O / Metadata & object caches,Complete,Yes,Yes,Yes,No,cheatsheet/guides/rgw-config/performance-io/caching,cheatsheet/guides/rgw-config/performance-io/caching.md,unreviewed
Cheatsheet / Guides / Config deep dives / RGW config deep dive / Performance & I/O / Timeouts & intervals,Complete,Yes,Yes,Yes,No,cheatsheet/guides/rgw-config/performance-io/timeouts-intervals,cheatsheet/guides/rgw-config/performance-io/timeouts-intervals.md,unreviewed
Cheatsheet / Guides / Config deep dives / RGW config deep dive / Performance & I/O / Listing limits,Complete,Yes,Yes,Yes,No,cheatsheet/guides/rgw-config/performance-io/limits-listing,cheatsheet/guides/rgw-config/performance-io/limits-listing.md,unreviewed
Cheatsheet / Guides / Config deep dives / RGW config deep dive / Buckets & data lifecycle / Bucket operations,Complete,Yes,Yes,Yes,No,cheatsheet/guides/rgw-config/buckets-lifecycle/bucket-ops,cheatsheet/guides/rgw-config/buckets-lifecycle/bucket-ops.md,unreviewed
Cheatsheet / Guides / Config deep dives / RGW config deep dive / Buckets & data lifecycle / Bucket index & sharding,Complete,Yes,Yes,Yes,No,cheatsheet/guides/rgw-config/buckets-lifecycle/index-sharding,cheatsheet/guides/rgw-config/buckets-lifecycle/index-sharding.md,unreviewed
Cheatsheet / Guides / Config deep dives / RGW config deep dive / Buckets & data lifecycle / Dynamic resharding,Complete,Yes,Yes,Yes,No,cheatsheet/guides/rgw-config/buckets-lifecycle/resharding,cheatsheet/guides/rgw-config/buckets-lifecycle/resharding.md,unreviewed
Cheatsheet / Guides / Config deep dives / RGW config deep dive / Buckets & data lifecycle / Object expiry hints,Complete,Yes,Yes,Yes,No,cheatsheet/guides/rgw-config/buckets-lifecycle/object-expiry,cheatsheet/guides/rgw-config/buckets-lifecycle/object-expiry.md,unreviewed
Cheatsheet / Guides / Config deep dives / RGW config deep dive / Buckets & data lifecycle / Garbage collection,Complete,Yes,Yes,Yes,No,cheatsheet/guides/rgw-config/buckets-lifecycle/garbage-collection,cheatsheet/guides/rgw-config/buckets-lifecycle/garbage-collection.md,unreviewed
Cheatsheet / Guides / Config deep dives / RGW config deep dive / Buckets & data lifecycle / Lifecycle (LC),Complete,Yes,Yes,Yes,No,cheatsheet/guides/rgw-config/buckets-lifecycle/lifecycle,cheatsheet/guides/rgw-config/buckets-lifecycle/lifecycle.md,unreviewed
Cheatsheet / Guides / Config deep dives / RGW config deep dive / Tenants & quotas / Quota sync & defaults,Complete,Yes,Yes,Yes,No,cheatsheet/guides/rgw-config/tenants-quotas/quotas,cheatsheet/guides/rgw-config/tenants-quotas/quotas.md,unreviewed
Cheatsheet / Guides / Config deep dives / RGW config deep dive / Tenants & quotas / Users & per-user settings,Complete,Yes,Yes,Yes,No,cheatsheet/guides/rgw-config/tenants-quotas/users-quotas,cheatsheet/guides/rgw-config/tenants-quotas/users-quotas.md,unreviewed
"Cheatsheet / Guides / Config deep dives / RGW config deep dive / Multisite / Zones, realm & region",Complete,Yes,Yes,Yes,No,cheatsheet/guides/rgw-config/multisite/multisite-zones,cheatsheet/guides/rgw-config/multisite/multisite-zones.md,unreviewed
Cheatsheet / Guides / Config deep dives / RGW config deep dive / Multisite / Replication & sync,Complete,Yes,Yes,Yes,No,cheatsheet/guides/rgw-config/multisite/multisite-sync,cheatsheet/guides/rgw-config/multisite/multisite-sync.md,unreviewed
Cheatsheet / Guides / Config deep dives / RGW config deep dive / Multisite / REST connections,Complete,Yes,Yes,Yes,No,cheatsheet/guides/rgw-config/multisite/rest-connections,cheatsheet/guides/rgw-config/multisite/rest-connections.md,unreviewed
Cheatsheet / Guides / Config deep dives / RGW config deep dive / Security & authentication / Encryption & KMS,Complete,Yes,Yes,Yes,No,cheatsheet/guides/rgw-config/security-auth/encryption,cheatsheet/guides/rgw-config/security-auth/encryption.md,unreviewed
Cheatsheet / Guides / Config deep dives / RGW config deep dive / Security & authentication / Keystone & STS,Complete,Yes,Yes,Yes,No,cheatsheet/guides/rgw-config/security-auth/keystone-sts,cheatsheet/guides/rgw-config/security-auth/keystone-sts.md,unreviewed
Cheatsheet / Guides / Config deep dives / RGW config deep dive / Security & authentication / LDAP,Complete,Yes,Yes,Yes,No,cheatsheet/guides/rgw-config/security-auth/ldap,cheatsheet/guides/rgw-config/security-auth/ldap.md,unreviewed
Cheatsheet / Guides / Config deep dives / RGW config deep dive / Security & authentication / OPA authorization,Complete,Yes,Yes,Yes,No,cheatsheet/guides/rgw-config/security-auth/opa-authz,cheatsheet/guides/rgw-config/security-auth/opa-authz.md,unreviewed
Cheatsheet / Guides / Config deep dives / RGW config deep dive / Security & authentication / Swift API,Complete,Yes,Yes,Yes,No,cheatsheet/guides/rgw-config/security-auth/swift,cheatsheet/guides/rgw-config/security-auth/swift.md,unreviewed
Cheatsheet / Guides / Config deep dives / RGW config deep dive / Security & authentication / S3 API & auth,Complete,Yes,Yes,Yes,No,cheatsheet/guides/rgw-config/security-auth/s3-api,cheatsheet/guides/rgw-config/security-auth/s3-api.md,unreviewed
Cheatsheet / Guides / Config deep dives / RGW config deep dive / Notifications / Bucket notifications,Complete,Yes,Yes,Yes,No,cheatsheet/guides/rgw-config/notifications/notifications,cheatsheet/guides/rgw-config/notifications/notifications.md,unreviewed
Cheatsheet / Guides / Config deep dives / RGW config deep dive / Logging & admin / Access & object logging,Complete,Yes,Yes,Yes,No,cheatsheet/guides/rgw-config/logging-admin/logging,cheatsheet/guides/rgw-config/logging-admin/logging.md,unreviewed
Cheatsheet / Guides / Config deep dives / RGW config deep dive / Logging & admin / Ops logging,Complete,Yes,Yes,Yes,No,cheatsheet/guides/rgw-config/logging-admin/ops-logging,cheatsheet/guides/rgw-config/logging-admin/ops-logging.md,unreviewed
Cheatsheet / Guides / Config deep dives / RGW config deep dive / Logging & admin / Usage logging,Complete,Yes,Yes,Yes,No,cheatsheet/guides/rgw-config/logging-admin/usage-logging,cheatsheet/guides/rgw-config/logging-admin/usage-logging.md,unreviewed
Cheatsheet / Guides / Config deep dives / RGW config deep dive / Logging & admin / Admin CORS,Complete,Yes,Yes,Yes,No,cheatsheet/guides/rgw-config/logging-admin/admin-cors,cheatsheet/guides/rgw-config/logging-admin/admin-cors.md,unreviewed
Cheatsheet / Guides / Config deep dives / RGW config deep dive / Logging & admin / API limits & policies,Complete,Yes,Yes,Yes,No,cheatsheet/guides/rgw-config/logging-admin/api-limits,cheatsheet/guides/rgw-config/logging-admin/api-limits.md,unreviewed
Cheatsheet / Guides / Config deep dives / RGW config deep dive / Extensions / NFS gateway,Complete,Yes,Yes,Yes,No,cheatsheet/guides/rgw-config/extensions/nfs,cheatsheet/guides/rgw-config/extensions/nfs.md,unreviewed
Cheatsheet / Guides / Config deep dives / RGW config deep dive / Extensions / Lua scripting,Complete,Yes,Yes,Yes,No,cheatsheet/guides/rgw-config/extensions/lua,cheatsheet/guides/rgw-config/extensions/lua.md,unreviewed
Cheatsheet / Guides / Config deep dives / RGW config deep dive / Extensions / BitTorrent,Complete,Yes,Yes,Yes,No,cheatsheet/guides/rgw-config/extensions/torrent,cheatsheet/guides/rgw-config/extensions/torrent.md,unreviewed
Cheatsheet / Guides / Config deep dives / RGW config deep dive / Extensions / HTTP / libcurl,Complete,Yes,Yes,Yes,No,cheatsheet/guides/rgw-config/extensions/http-curl,cheatsheet/guides/rgw-config/extensions/http-curl.md,unreviewed
Cheatsheet / Guides / Config deep dives / RGW config deep dive / Experimental & debug / Experimental backends,Complete,Yes,Yes,Yes,No,cheatsheet/guides/rgw-config/experimental-debug/experimental-backends,cheatsheet/guides/rgw-config/experimental-debug/experimental-backends.md,unreviewed
Cheatsheet / Guides / Config deep dives / RGW config deep dive / Experimental & debug / Motr backend,Complete,Yes,Yes,Yes,No,cheatsheet/guides/rgw-config/experimental-debug/motr-experimental,cheatsheet/guides/rgw-config/experimental-debug/motr-experimental.md,unreviewed
Cheatsheet / Guides / Config deep dives / RGW config deep dive / Experimental & debug / POSIX backend,Complete,Yes,Yes,Yes,No,cheatsheet/guides/rgw-config/experimental-debug/posix-experimental,cheatsheet/guides/rgw-config/experimental-debug/posix-experimental.md,unreviewed
Cheatsheet / Guides / Config deep dives / RGW config deep dive / Experimental & debug / D4N / D3N cache,Complete,Yes,Yes,Yes,No,cheatsheet/guides/rgw-config/experimental-debug/d4n-cache,cheatsheet/guides/rgw-config/experimental-debug/d4n-cache.md,unreviewed
Cheatsheet / Guides / Config deep dives / RGW config deep dive / Experimental & debug / Debug & fault injection,Complete,Yes,Yes,Yes,No,cheatsheet/guides/rgw-config/experimental-debug/debug-inject,cheatsheet/guides/rgw-config/experimental-debug/debug-inject.md,unreviewed
Cheatsheet / Guides / Config deep dives / OSD config deep dive / Start here / Overview,Complete,Yes,Yes,Yes,No,cheatsheet/guides/osd-config/OVERVIEW,cheatsheet/guides/osd-config/OVERVIEW.md,unreviewed
Cheatsheet / Guides / Config deep dives / OSD config deep dive / Start here / Tuning quick reference,Complete,Yes,Yes,Yes,No,cheatsheet/guides/osd-config/TUNING,cheatsheet/guides/osd-config/TUNING.md,unreviewed
Cheatsheet / Guides / Config deep dives / OSD config deep dive / Recovery & backfill / Recovery & backfill,Complete,Yes,Yes,Yes,No,cheatsheet/guides/osd-config/recovery/recovery,cheatsheet/guides/osd-config/recovery/recovery.md,unreviewed
Cheatsheet / Guides / Config deep dives / OSD config deep dive / Scrub / Scrub,Complete,Yes,Yes,Yes,No,cheatsheet/guides/osd-config/scrub/scrub,cheatsheet/guides/osd-config/scrub/scrub.md,unreviewed
Cheatsheet / Guides / Config deep dives / OSD config deep dive / mClock scheduler / mClock scheduler,Complete,Yes,Yes,Yes,No,cheatsheet/guides/osd-config/mclock/mclock,cheatsheet/guides/osd-config/mclock/mclock.md,unreviewed
Cheatsheet / Guides / Config deep dives / OSD config deep dive / Limits & intervals / Limits & caps,Complete,Yes,Yes,Yes,No,cheatsheet/guides/osd-config/limits-intervals/limits,cheatsheet/guides/osd-config/limits-intervals/limits.md,unreviewed
Cheatsheet / Guides / Config deep dives / OSD config deep dive / Limits & intervals / Intervals & throttling,Complete,Yes,Yes,Yes,No,cheatsheet/guides/osd-config/limits-intervals/intervals,cheatsheet/guides/osd-config/limits-intervals/intervals.md,unreviewed
Cheatsheet / Guides / Config deep dives / OSD config deep dive / Runtime & paths / Paths & data dirs,Complete,Yes,Yes,Yes,No,cheatsheet/guides/osd-config/runtime/paths,cheatsheet/guides/osd-config/runtime/paths.md,unreviewed
Cheatsheet / Guides / Config deep dives / OSD config deep dive / Runtime & paths / Cache agent,Complete,Yes,Yes,Yes,No,cheatsheet/guides/osd-config/runtime/agent,cheatsheet/guides/osd-config/runtime/agent.md,unreviewed
Cheatsheet / Guides / Config deep dives / OSD config deep dive / Runtime & paths / Object classes,Complete,Yes,Yes,Yes,No,cheatsheet/guides/osd-config/runtime/classes,cheatsheet/guides/osd-config/runtime/classes.md,unreviewed
Cheatsheet / Guides / Config deep dives / OSD config deep dive / Runtime & paths / CRUSH & weight,Complete,Yes,Yes,Yes,No,cheatsheet/guides/osd-config/runtime/crush,cheatsheet/guides/osd-config/runtime/crush.md,unreviewed
Cheatsheet / Guides / Config deep dives / OSD config deep dive / Runtime & paths / General runtime,Complete,Yes,Yes,Yes,No,cheatsheet/guides/osd-config/runtime/general,cheatsheet/guides/osd-config/runtime/general.md,unreviewed
Cheatsheet / Guides / Config deep dives / OSD config deep dive / Debug / Debug & injection,Complete,Yes,Yes,Yes,No,cheatsheet/guides/osd-config/debug/debug,cheatsheet/guides/osd-config/debug/debug.md,unreviewed
Cheatsheet / Guides / Config deep dives / MON config deep dive / Start here / Overview,Complete,Yes,Yes,Yes,No,cheatsheet/guides/mon-config/OVERVIEW,cheatsheet/guides/mon-config/OVERVIEW.md,unreviewed
Cheatsheet / Guides / Config deep dives / MON config deep dive / Start here / Tuning quick reference,Complete,Yes,Yes,Yes,No,cheatsheet/guides/mon-config/TUNING,cheatsheet/guides/mon-config/TUNING.md,unreviewed
Cheatsheet / Guides / Config deep dives / MON config deep dive / Quorum & Paxos / Quorum & Paxos,Complete,Yes,Yes,Yes,No,cheatsheet/guides/mon-config/quorum/quorum-paxos,cheatsheet/guides/mon-config/quorum/quorum-paxos.md,unreviewed
Cheatsheet / Guides / Config deep dives / MON config deep dive / PG & pool health / PG & pool health,Complete,Yes,Yes,Yes,No,cheatsheet/guides/mon-config/pg-pool/pg-pool,cheatsheet/guides/mon-config/pg-pool/pg-pool.md,unreviewed
Cheatsheet / Guides / Config deep dives / MON config deep dive / Logging & backup / Cluster logging,Complete,Yes,Yes,Yes,No,cheatsheet/guides/mon-config/logging/logging,cheatsheet/guides/mon-config/logging/logging.md,unreviewed
Cheatsheet / Guides / Config deep dives / MON config deep dive / Logging & backup / Monitor backup,Complete,Yes,Yes,Yes,No,cheatsheet/guides/mon-config/logging/backup,cheatsheet/guides/mon-config/logging/backup.md,unreviewed
Cheatsheet / Guides / Config deep dives / MON config deep dive / Cross-daemon / OSD-related settings,Complete,Yes,Yes,Yes,No,cheatsheet/guides/mon-config/cross-daemon/osd-related,cheatsheet/guides/mon-config/cross-daemon/osd-related.md,unreviewed
Cheatsheet / Guides / Config deep dives / MON config deep dive / Cross-daemon / MGR-related settings,Complete,Yes,Yes,Yes,No,cheatsheet/guides/mon-config/cross-daemon/mgr-related,cheatsheet/guides/mon-config/cross-daemon/mgr-related.md,unreviewed
Cheatsheet / Guides / Config deep dives / MON config deep dive / Cross-daemon / MDS-related settings,Complete,Yes,Yes,Yes,No,cheatsheet/guides/mon-config/cross-daemon/mds-related,cheatsheet/guides/mon-config/cross-daemon/mds-related.md,unreviewed
Cheatsheet / Guides / Config deep dives / MON config deep dive / Auth & runtime / Auth & caps,Complete,Yes,Yes,Yes,No,cheatsheet/guides/mon-config/runtime/auth,cheatsheet/guides/mon-config/runtime/auth.md,unreviewed
Cheatsheet / Guides / Config deep dives / MON config deep dive / Auth & runtime / Intervals & timeouts,Complete,Yes,Yes,Yes,No,cheatsheet/guides/mon-config/runtime/intervals,cheatsheet/guides/mon-config/runtime/intervals.md,unreviewed
Cheatsheet / Guides / Config deep dives / MON config deep dive / Auth & runtime / Paths & storage,Complete,Yes,Yes,Yes,No,cheatsheet/guides/mon-config/runtime/paths,cheatsheet/guides/mon-config/runtime/paths.md,unreviewed
Cheatsheet / Guides / Config deep dives / MON config deep dive / Auth & runtime / General monitor,Complete,Yes,Yes,Yes,No,cheatsheet/guides/mon-config/runtime/general,cheatsheet/guides/mon-config/runtime/general.md,unreviewed
Cheatsheet / Guides / Config deep dives / MGR config deep dive / Start here / Overview,Complete,Yes,Yes,Yes,No,cheatsheet/guides/mgr-config/OVERVIEW,cheatsheet/guides/mgr-config/OVERVIEW.md,unreviewed
Cheatsheet / Guides / Config deep dives / MGR config deep dive / Start here / Tuning quick reference,Complete,Yes,Yes,Yes,No,cheatsheet/guides/mgr-config/TUNING,cheatsheet/guides/mgr-config/TUNING.md,unreviewed
Cheatsheet / Guides / Config deep dives / MGR config deep dive / Modules & cephadm / Manager & cephadm modules,Complete,Yes,Yes,Yes,No,cheatsheet/guides/mgr-config/modules/mgr-modules,cheatsheet/guides/mgr-config/modules/mgr-modules.md,unreviewed
Cheatsheet / Guides / Config deep dives / MGR config deep dive / Cluster settings / PG & pool settings,Complete,Yes,Yes,Yes,No,cheatsheet/guides/mgr-config/cluster/pg-pool,cheatsheet/guides/mgr-config/cluster/pg-pool.md,unreviewed
Cheatsheet / Guides / Config deep dives / MGR config deep dive / Cluster settings / Intervals,Complete,Yes,Yes,Yes,No,cheatsheet/guides/mgr-config/cluster/intervals,cheatsheet/guides/mgr-config/cluster/intervals.md,unreviewed
Cheatsheet / Guides / Config deep dives / MGR config deep dive / Cluster settings / General manager,Complete,Yes,Yes,Yes,No,cheatsheet/guides/mgr-config/cluster/general,cheatsheet/guides/mgr-config/cluster/general.md,unreviewed
Cheatsheet / Guides / Config deep dives / MDS config deep dive / Start here / Overview,Complete,Yes,Yes,Yes,No,cheatsheet/guides/mds-config/OVERVIEW,cheatsheet/guides/mds-config/OVERVIEW.md,unreviewed
Cheatsheet / Guides / Config deep dives / MDS config deep dive / Start here / Tuning quick reference,Complete,Yes,Yes,Yes,No,cheatsheet/guides/mds-config/TUNING,cheatsheet/guides/mds-config/TUNING.md,unreviewed
Cheatsheet / Guides / Config deep dives / MDS config deep dive / Metadata server / Metadata server core,Complete,Yes,Yes,Yes,No,cheatsheet/guides/mds-config/mds-core/mds-core,cheatsheet/guides/mds-config/mds-core/mds-core.md,unreviewed
Cheatsheet / Guides / Config deep dives / MDS config deep dive / Auth & logging / Auth & capabilities,Complete,Yes,Yes,Yes,No,cheatsheet/guides/mds-config/auth-logging/auth,cheatsheet/guides/mds-config/auth-logging/auth.md,unreviewed
Cheatsheet / Guides / Config deep dives / MDS config deep dive / Auth & logging / Logging,Complete,Yes,Yes,Yes,No,cheatsheet/guides/mds-config/auth-logging/logging,cheatsheet/guides/mds-config/auth-logging/logging.md,unreviewed
Cheatsheet / Guides / Config deep dives / MDS config deep dive / Operations / Intervals,Complete,Yes,Yes,Yes,No,cheatsheet/guides/mds-config/ops/intervals,cheatsheet/guides/mds-config/ops/intervals.md,unreviewed
Cheatsheet / Guides / Config deep dives / MDS config deep dive / Operations / Debug,Complete,Yes,Yes,Yes,No,cheatsheet/guides/mds-config/ops/debug,cheatsheet/guides/mds-config/ops/debug.md,unreviewed
Cheatsheet / Guides / Config deep dives / MDS config deep dive / Operations / General,Complete,Yes,Yes,Yes,No,cheatsheet/guides/mds-config/ops/general,cheatsheet/guides/mds-config/ops/general.md,unreviewed
Cheatsheet / Guides / Config deep dives / MDS client config deep dive / Start here / Overview,Complete,Yes,Yes,Yes,No,cheatsheet/guides/mds-client-config/OVERVIEW,cheatsheet/guides/mds-client-config/OVERVIEW.md,unreviewed
Cheatsheet / Guides / Config deep dives / MDS client config deep dive / Start here / Tuning quick reference,Complete,Yes,Yes,Yes,No,cheatsheet/guides/mds-client-config/TUNING,cheatsheet/guides/mds-client-config/TUNING.md,unreviewed
Cheatsheet / Guides / Config deep dives / MDS client config deep dive / Clients / CephFS client,Complete,Yes,Yes,Yes,No,cheatsheet/guides/mds-client-config/clients/client,cheatsheet/guides/mds-client-config/clients/client.md,unreviewed
Cheatsheet / Guides / Config deep dives / MDS client config deep dive / Clients / FUSE client,Complete,Yes,Yes,Yes,No,cheatsheet/guides/mds-client-config/clients/fuse,cheatsheet/guides/mds-client-config/clients/fuse.md,unreviewed
Cheatsheet / Guides / Config deep dives / MDS client config deep dive / Other / Debug,Complete,Yes,Yes,Yes,No,cheatsheet/guides/mds-client-config/other/debug,cheatsheet/guides/mds-client-config/other/debug.md,unreviewed
Cheatsheet / Guides / Config deep dives / MDS client config deep dive / Other / General,Complete,Yes,Yes,Yes,No,cheatsheet/guides/mds-client-config/other/general,cheatsheet/guides/mds-client-config/other/general.md,unreviewed
Cheatsheet / Guides / Config deep dives / Global config deep dive / Start here / Overview,Complete,Yes,Yes,Yes,No,cheatsheet/guides/global-config/OVERVIEW,cheatsheet/guides/global-config/OVERVIEW.md,unreviewed
Cheatsheet / Guides / Config deep dives / Global config deep dive / Start here / Tuning quick reference,Complete,Yes,Yes,Yes,No,cheatsheet/guides/global-config/TUNING,cheatsheet/guides/global-config/TUNING.md,unreviewed
Cheatsheet / Guides / Config deep dives / Global config deep dive / Storage backends / Bdev,Complete,Yes,Yes,Yes,No,cheatsheet/guides/global-config/storage/bdev,cheatsheet/guides/global-config/storage/bdev.md,unreviewed
Cheatsheet / Guides / Config deep dives / Global config deep dive / Storage backends / Bluefs,Complete,Yes,Yes,Yes,No,cheatsheet/guides/global-config/storage/bluefs,cheatsheet/guides/global-config/storage/bluefs.md,unreviewed
Cheatsheet / Guides / Config deep dives / Global config deep dive / Storage backends / Bluestore,Complete,Yes,Yes,Yes,No,cheatsheet/guides/global-config/storage/bluestore,cheatsheet/guides/global-config/storage/bluestore.md,unreviewed
Cheatsheet / Guides / Config deep dives / Global config deep dive / Storage backends / Compressor,Complete,Yes,Yes,Yes,No,cheatsheet/guides/global-config/storage/compressor,cheatsheet/guides/global-config/storage/compressor.md,unreviewed
Cheatsheet / Guides / Config deep dives / Global config deep dive / Storage backends / Ec,Complete,Yes,Yes,Yes,No,cheatsheet/guides/global-config/storage/ec,cheatsheet/guides/global-config/storage/ec.md,unreviewed
Cheatsheet / Guides / Config deep dives / Global config deep dive / Storage backends / Erasure,Complete,Yes,Yes,Yes,No,cheatsheet/guides/global-config/storage/erasure,cheatsheet/guides/global-config/storage/erasure.md,unreviewed
Cheatsheet / Guides / Config deep dives / Global config deep dive / Storage backends / Filestore,Complete,Yes,Yes,Yes,No,cheatsheet/guides/global-config/storage/filestore,cheatsheet/guides/global-config/storage/filestore.md,unreviewed
Cheatsheet / Guides / Config deep dives / Global config deep dive / Storage backends / Journal,Complete,Yes,Yes,Yes,No,cheatsheet/guides/global-config/storage/journal,cheatsheet/guides/global-config/storage/journal.md,unreviewed
Cheatsheet / Guides / Config deep dives / Global config deep dive / Storage backends / Journaler,Complete,Yes,Yes,Yes,No,cheatsheet/guides/global-config/storage/journaler,cheatsheet/guides/global-config/storage/journaler.md,unreviewed
Cheatsheet / Guides / Config deep dives / Global config deep dive / Storage backends / Memstore,Complete,Yes,Yes,Yes,No,cheatsheet/guides/global-config/storage/memstore,cheatsheet/guides/global-config/storage/memstore.md,unreviewed
Cheatsheet / Guides / Config deep dives / Global config deep dive / Storage backends / Objectstore,Complete,Yes,Yes,Yes,No,cheatsheet/guides/global-config/storage/objectstore,cheatsheet/guides/global-config/storage/objectstore.md,unreviewed
Cheatsheet / Guides / Config deep dives / Global config deep dive / Storage backends / Qat,Complete,Yes,Yes,Yes,No,cheatsheet/guides/global-config/storage/qat,cheatsheet/guides/global-config/storage/qat.md,unreviewed
Cheatsheet / Guides / Config deep dives / Global config deep dive / Storage backends / Rocksdb,Complete,Yes,Yes,Yes,No,cheatsheet/guides/global-config/storage/rocksdb,cheatsheet/guides/global-config/storage/rocksdb.md,unreviewed
Cheatsheet / Guides / Config deep dives / Global config deep dive / Storage backends / Uadk,Complete,Yes,Yes,Yes,No,cheatsheet/guides/global-config/storage/uadk,cheatsheet/guides/global-config/storage/uadk.md,unreviewed
Cheatsheet / Guides / Config deep dives / Global config deep dive / Auth & keys / Auth,Complete,Yes,Yes,Yes,No,cheatsheet/guides/global-config/auth/auth,cheatsheet/guides/global-config/auth/auth.md,unreviewed
Cheatsheet / Guides / Config deep dives / Global config deep dive / Auth & keys / Cephx,Complete,Yes,Yes,Yes,No,cheatsheet/guides/global-config/auth/cephx,cheatsheet/guides/global-config/auth/cephx.md,unreviewed
Cheatsheet / Guides / Config deep dives / Global config deep dive / Auth & keys / Gss,Complete,Yes,Yes,Yes,No,cheatsheet/guides/global-config/auth/gss,cheatsheet/guides/global-config/auth/gss.md,unreviewed
Cheatsheet / Guides / Config deep dives / Global config deep dive / Auth & keys / Key,Complete,Yes,Yes,Yes,No,cheatsheet/guides/global-config/auth/key,cheatsheet/guides/global-config/auth/key.md,unreviewed
Cheatsheet / Guides / Config deep dives / Global config deep dive / Auth & keys / Keyfile,Complete,Yes,Yes,Yes,No,cheatsheet/guides/global-config/auth/keyfile,cheatsheet/guides/global-config/auth/keyfile.md,unreviewed
Cheatsheet / Guides / Config deep dives / Global config deep dive / Auth & keys / Keyring,Complete,Yes,Yes,Yes,No,cheatsheet/guides/global-config/auth/keyring,cheatsheet/guides/global-config/auth/keyring.md,unreviewed
Cheatsheet / Guides / Config deep dives / Global config deep dive / Auth & keys / Rotating,Complete,Yes,Yes,Yes,No,cheatsheet/guides/global-config/auth/rotating,cheatsheet/guides/global-config/auth/rotating.md,unreviewed
Cheatsheet / Guides / Config deep dives / Global config deep dive / Network & I/O / Heartbeat,Complete,Yes,Yes,Yes,No,cheatsheet/guides/global-config/network/heartbeat,cheatsheet/guides/global-config/network/heartbeat.md,unreviewed
Cheatsheet / Guides / Config deep dives / Global config deep dive / Network & I/O / Ms,Complete,Yes,Yes,Yes,No,cheatsheet/guides/global-config/network/ms,cheatsheet/guides/global-config/network/ms.md,unreviewed
Cheatsheet / Guides / Config deep dives / Global config deep dive / Network & I/O / Objecter,Complete,Yes,Yes,Yes,No,cheatsheet/guides/global-config/network/objecter,cheatsheet/guides/global-config/network/objecter.md,unreviewed
Cheatsheet / Guides / Config deep dives / Global config deep dive / Network & I/O / Osdc,Complete,Yes,Yes,Yes,No,cheatsheet/guides/global-config/network/osdc,cheatsheet/guides/global-config/network/osdc.md,unreviewed
Cheatsheet / Guides / Config deep dives / Global config deep dive / Network & I/O / Public,Complete,Yes,Yes,Yes,No,cheatsheet/guides/global-config/network/public,cheatsheet/guides/global-config/network/public.md,unreviewed
Cheatsheet / Guides / Config deep dives / Global config deep dive / Cluster maps / Ceph,Complete,Yes,Yes,Yes,No,cheatsheet/guides/global-config/cluster/ceph,cheatsheet/guides/global-config/cluster/ceph.md,unreviewed
Cheatsheet / Guides / Config deep dives / Global config deep dive / Cluster maps / Cluster,Complete,Yes,Yes,Yes,No,cheatsheet/guides/global-config/cluster/cluster,cheatsheet/guides/global-config/cluster/cluster.md,unreviewed
Cheatsheet / Guides / Config deep dives / Global config deep dive / Cluster maps / Crush,Complete,Yes,Yes,Yes,No,cheatsheet/guides/global-config/cluster/crush,cheatsheet/guides/global-config/cluster/crush.md,unreviewed
Cheatsheet / Guides / Config deep dives / Global config deep dive / Cluster maps / Fsid,Complete,Yes,Yes,Yes,No,cheatsheet/guides/global-config/cluster/fsid,cheatsheet/guides/global-config/cluster/fsid.md,unreviewed
Cheatsheet / Guides / Config deep dives / Global config deep dive / Cluster maps / Mgr,Complete,Yes,Yes,Yes,No,cheatsheet/guides/global-config/cluster/mgr,cheatsheet/guides/global-config/cluster/mgr.md,unreviewed
Cheatsheet / Guides / Config deep dives / Global config deep dive / Cluster maps / Mon,Complete,Yes,Yes,Yes,No,cheatsheet/guides/global-config/cluster/mon,cheatsheet/guides/global-config/cluster/mon.md,unreviewed
Cheatsheet / Guides / Config deep dives / Global config deep dive / Cluster maps / Monmap,Complete,Yes,Yes,Yes,No,cheatsheet/guides/global-config/cluster/monmap,cheatsheet/guides/global-config/cluster/monmap.md,unreviewed
Cheatsheet / Guides / Config deep dives / Global config deep dive / Cluster maps / Osd,Complete,Yes,Yes,Yes,No,cheatsheet/guides/global-config/cluster/osd,cheatsheet/guides/global-config/cluster/osd.md,unreviewed
Cheatsheet / Guides / Config deep dives / Global config deep dive / Cluster maps / Rados,Complete,Yes,Yes,Yes,No,cheatsheet/guides/global-config/cluster/rados,cheatsheet/guides/global-config/cluster/rados.md,unreviewed
Cheatsheet / Guides / Config deep dives / Global config deep dive / Logging & debug / Clog,Complete,Yes,Yes,Yes,No,cheatsheet/guides/global-config/debug/clog,cheatsheet/guides/global-config/debug/clog.md,unreviewed
Cheatsheet / Guides / Config deep dives / Global config deep dive / Logging & debug / Debug,Complete,Yes,Yes,Yes,No,cheatsheet/guides/global-config/debug/debug,cheatsheet/guides/global-config/debug/debug.md,unreviewed
Cheatsheet / Guides / Config deep dives / Global config deep dive / Logging & debug / Err,Complete,Yes,Yes,Yes,No,cheatsheet/guides/global-config/debug/err,cheatsheet/guides/global-config/debug/err.md,unreviewed
Cheatsheet / Guides / Config deep dives / Global config deep dive / Logging & debug / Event,Complete,Yes,Yes,Yes,No,cheatsheet/guides/global-config/debug/event,cheatsheet/guides/global-config/debug/event.md,unreviewed
Cheatsheet / Guides / Config deep dives / Global config deep dive / Logging & debug / Inject,Complete,Yes,Yes,Yes,No,cheatsheet/guides/global-config/debug/inject,cheatsheet/guides/global-config/debug/inject.md,unreviewed
Cheatsheet / Guides / Config deep dives / Global config deep dive / Logging & debug / Lockdep,Complete,Yes,Yes,Yes,No,cheatsheet/guides/global-config/debug/lockdep,cheatsheet/guides/global-config/debug/lockdep.md,unreviewed
Cheatsheet / Guides / Config deep dives / Global config deep dive / Logging & debug / Log,Complete,Yes,Yes,Yes,No,cheatsheet/guides/global-config/debug/log,cheatsheet/guides/global-config/debug/log.md,unreviewed
Cheatsheet / Guides / Config deep dives / Global config deep dive / Logging & debug / Perf,Complete,Yes,Yes,Yes,No,cheatsheet/guides/global-config/debug/perf,cheatsheet/guides/global-config/debug/perf.md,unreviewed
Cheatsheet / Guides / Config deep dives / Global config deep dive / Runtime & host / Admin,Complete,Yes,Yes,Yes,No,cheatsheet/guides/global-config/runtime/admin,cheatsheet/guides/global-config/runtime/admin.md,unreviewed
Cheatsheet / Guides / Config deep dives / Global config deep dive / Runtime & host / Breakpad,Complete,Yes,Yes,Yes,No,cheatsheet/guides/global-config/runtime/breakpad,cheatsheet/guides/global-config/runtime/breakpad.md,unreviewed
Cheatsheet / Guides / Config deep dives / Global config deep dive / Runtime & host / Cephsqlite,Complete,Yes,Yes,Yes,No,cheatsheet/guides/global-config/runtime/cephsqlite,cheatsheet/guides/global-config/runtime/cephsqlite.md,unreviewed
Cheatsheet / Guides / Config deep dives / Global config deep dive / Runtime & host / Chdir,Complete,Yes,Yes,Yes,No,cheatsheet/guides/global-config/runtime/chdir,cheatsheet/guides/global-config/runtime/chdir.md,unreviewed
Cheatsheet / Guides / Config deep dives / Global config deep dive / Runtime & host / Container,Complete,Yes,Yes,Yes,No,cheatsheet/guides/global-config/runtime/container,cheatsheet/guides/global-config/runtime/container.md,unreviewed
Cheatsheet / Guides / Config deep dives / Global config deep dive / Runtime & host / Crash,Complete,Yes,Yes,Yes,No,cheatsheet/guides/global-config/runtime/crash,cheatsheet/guides/global-config/runtime/crash.md,unreviewed
Cheatsheet / Guides / Config deep dives / Global config deep dive / Runtime & host / Daemonize,Complete,Yes,Yes,Yes,No,cheatsheet/guides/global-config/runtime/daemonize,cheatsheet/guides/global-config/runtime/daemonize.md,unreviewed
Cheatsheet / Guides / Config deep dives / Global config deep dive / Runtime & host / Device,Complete,Yes,Yes,Yes,No,cheatsheet/guides/global-config/runtime/device,cheatsheet/guides/global-config/runtime/device.md,unreviewed
Cheatsheet / Guides / Config deep dives / Global config deep dive / Runtime & host / Enable,Complete,Yes,Yes,Yes,No,cheatsheet/guides/global-config/runtime/enable,cheatsheet/guides/global-config/runtime/enable.md,unreviewed
Cheatsheet / Guides / Config deep dives / Global config deep dive / Runtime & host / Fatal,Complete,Yes,Yes,Yes,No,cheatsheet/guides/global-config/runtime/fatal,cheatsheet/guides/global-config/runtime/fatal.md,unreviewed
Cheatsheet / Guides / Config deep dives / Global config deep dive / Runtime & host / Filer,Complete,Yes,Yes,Yes,No,cheatsheet/guides/global-config/runtime/filer,cheatsheet/guides/global-config/runtime/filer.md,unreviewed
Cheatsheet / Guides / Config deep dives / Global config deep dive / Runtime & host / Fio,Complete,Yes,Yes,Yes,No,cheatsheet/guides/global-config/runtime/fio,cheatsheet/guides/global-config/runtime/fio.md,unreviewed
Cheatsheet / Guides / Config deep dives / Global config deep dive / Runtime & host / Host,Complete,Yes,Yes,Yes,No,cheatsheet/guides/global-config/runtime/host,cheatsheet/guides/global-config/runtime/host.md,unreviewed
Cheatsheet / Guides / Config deep dives / Global config deep dive / Runtime & host / Jaeger,Complete,Yes,Yes,Yes,No,cheatsheet/guides/global-config/runtime/jaeger,cheatsheet/guides/global-config/runtime/jaeger.md,unreviewed
Cheatsheet / Guides / Config deep dives / Global config deep dive / Runtime & host / Librados,Complete,Yes,Yes,Yes,No,cheatsheet/guides/global-config/runtime/librados,cheatsheet/guides/global-config/runtime/librados.md,unreviewed
Cheatsheet / Guides / Config deep dives / Global config deep dive / Runtime & host / Max,Complete,Yes,Yes,Yes,No,cheatsheet/guides/global-config/runtime/max,cheatsheet/guides/global-config/runtime/max.md,unreviewed
Cheatsheet / Guides / Config deep dives / Global config deep dive / Runtime & host / Mempool,Complete,Yes,Yes,Yes,No,cheatsheet/guides/global-config/runtime/mempool,cheatsheet/guides/global-config/runtime/mempool.md,unreviewed
Cheatsheet / Guides / Config deep dives / Global config deep dive / Runtime & host / False,Complete,Yes,Yes,Yes,No,cheatsheet/guides/global-config/runtime/no,cheatsheet/guides/global-config/runtime/no.md,unreviewed
Cheatsheet / Guides / Config deep dives / Global config deep dive / Runtime & host / Openssl,Complete,Yes,Yes,Yes,No,cheatsheet/guides/global-config/runtime/openssl,cheatsheet/guides/global-config/runtime/openssl.md,unreviewed
Cheatsheet / Guides / Config deep dives / Global config deep dive / Runtime & host / Pid,Complete,Yes,Yes,Yes,No,cheatsheet/guides/global-config/runtime/pid,cheatsheet/guides/global-config/runtime/pid.md,unreviewed
Cheatsheet / Guides / Config deep dives / Global config deep dive / Runtime & host / Plugin,Complete,Yes,Yes,Yes,No,cheatsheet/guides/global-config/runtime/plugin,cheatsheet/guides/global-config/runtime/plugin.md,unreviewed
Cheatsheet / Guides / Config deep dives / Global config deep dive / Runtime & host / Restapi,Complete,Yes,Yes,Yes,No,cheatsheet/guides/global-config/runtime/restapi,cheatsheet/guides/global-config/runtime/restapi.md,unreviewed
Cheatsheet / Guides / Config deep dives / Global config deep dive / Runtime & host / Run,Complete,Yes,Yes,Yes,No,cheatsheet/guides/global-config/runtime/run,cheatsheet/guides/global-config/runtime/run.md,unreviewed
Cheatsheet / Guides / Config deep dives / Global config deep dive / Runtime & host / Service,Complete,Yes,Yes,Yes,No,cheatsheet/guides/global-config/runtime/service,cheatsheet/guides/global-config/runtime/service.md,unreviewed
Cheatsheet / Guides / Config deep dives / Global config deep dive / Runtime & host / Setgroup,Complete,Yes,Yes,Yes,No,cheatsheet/guides/global-config/runtime/setgroup,cheatsheet/guides/global-config/runtime/setgroup.md,unreviewed
Cheatsheet / Guides / Config deep dives / Global config deep dive / Runtime & host / Setuser,Complete,Yes,Yes,Yes,No,cheatsheet/guides/global-config/runtime/setuser,cheatsheet/guides/global-config/runtime/setuser.md,unreviewed
Cheatsheet / Guides / Config deep dives / Global config deep dive / Runtime & host / Target,Complete,Yes,Yes,Yes,No,cheatsheet/guides/global-config/runtime/target,cheatsheet/guides/global-config/runtime/target.md,unreviewed
Cheatsheet / Guides / Config deep dives / Global config deep dive / Runtime & host / Thp,Complete,Yes,Yes,Yes,No,cheatsheet/guides/global-config/runtime/thp,cheatsheet/guides/global-config/runtime/thp.md,unreviewed
Cheatsheet / Guides / Config deep dives / Global config deep dive / Runtime & host / Threadpool,Complete,Yes,Yes,Yes,No,cheatsheet/guides/global-config/runtime/threadpool,cheatsheet/guides/global-config/runtime/threadpool.md,unreviewed
Cheatsheet / Guides / Config deep dives / Global config deep dive / Runtime & host / Throttler,Complete,Yes,Yes,Yes,No,cheatsheet/guides/global-config/runtime/throttler,cheatsheet/guides/global-config/runtime/throttler.md,unreviewed
Cheatsheet / Guides / Config deep dives / Global config deep dive / Runtime & host / Tmp,Complete,Yes,Yes,Yes,No,cheatsheet/guides/global-config/runtime/tmp,cheatsheet/guides/global-config/runtime/tmp.md,unreviewed
Cheatsheet / Guides / Config deep dives / RBD config deep dive / Start here / Overview,Complete,Yes,Yes,Yes,No,cheatsheet/guides/rbd-config/OVERVIEW,cheatsheet/guides/rbd-config/OVERVIEW.md,unreviewed
Cheatsheet / Guides / Config deep dives / RBD config deep dive / Start here / Tuning quick reference,Complete,Yes,Yes,Yes,No,cheatsheet/guides/rbd-config/TUNING,cheatsheet/guides/rbd-config/TUNING.md,unreviewed
Cheatsheet / Guides / Config deep dives / RBD config deep dive / Performance / Cache,Complete,Yes,Yes,Yes,No,cheatsheet/guides/rbd-config/performance/cache,cheatsheet/guides/rbd-config/performance/cache.md,unreviewed
Cheatsheet / Guides / Config deep dives / RBD config deep dive / Performance / Io,Complete,Yes,Yes,Yes,No,cheatsheet/guides/rbd-config/performance/io,cheatsheet/guides/rbd-config/performance/io.md,unreviewed
Cheatsheet / Guides / Config deep dives / RBD config deep dive / Performance / QoS & throttling,Complete,Yes,Yes,Yes,No,cheatsheet/guides/rbd-config/performance/qos,cheatsheet/guides/rbd-config/performance/qos.md,unreviewed
Cheatsheet / Guides / Config deep dives / RBD config deep dive / Performance / Readahead,Complete,Yes,Yes,Yes,No,cheatsheet/guides/rbd-config/performance/readahead,cheatsheet/guides/rbd-config/performance/readahead.md,unreviewed
Cheatsheet / Guides / Config deep dives / RBD config deep dive / Mirroring & journal / Journal,Complete,Yes,Yes,Yes,No,cheatsheet/guides/rbd-config/mirror/journal,cheatsheet/guides/rbd-config/mirror/journal.md,unreviewed
Cheatsheet / Guides / Config deep dives / RBD config deep dive / Mirroring & journal / Mirroring,Complete,Yes,Yes,Yes,No,cheatsheet/guides/rbd-config/mirror/mirroring,cheatsheet/guides/rbd-config/mirror/mirroring.md,unreviewed
Cheatsheet / Guides / Config deep dives / RBD config deep dive / Defaults & misc / Atime,Complete,Yes,Yes,Yes,No,cheatsheet/guides/rbd-config/misc/atime,cheatsheet/guides/rbd-config/misc/atime.md,unreviewed
Cheatsheet / Guides / Config deep dives / RBD config deep dive / Defaults & misc / Auto,Complete,Yes,Yes,Yes,No,cheatsheet/guides/rbd-config/misc/auto,cheatsheet/guides/rbd-config/misc/auto.md,unreviewed
Cheatsheet / Guides / Config deep dives / RBD config deep dive / Defaults & misc / Balance,Complete,Yes,Yes,Yes,No,cheatsheet/guides/rbd-config/misc/balance,cheatsheet/guides/rbd-config/misc/balance.md,unreviewed
Cheatsheet / Guides / Config deep dives / RBD config deep dive / Defaults & misc / Blkin,Complete,Yes,Yes,Yes,No,cheatsheet/guides/rbd-config/misc/blkin,cheatsheet/guides/rbd-config/misc/blkin.md,unreviewed
Cheatsheet / Guides / Config deep dives / RBD config deep dive / Defaults & misc / Blocklist,Complete,Yes,Yes,Yes,No,cheatsheet/guides/rbd-config/misc/blocklist,cheatsheet/guides/rbd-config/misc/blocklist.md,unreviewed
Cheatsheet / Guides / Config deep dives / RBD config deep dive / Defaults & misc / Clone,Complete,Yes,Yes,Yes,No,cheatsheet/guides/rbd-config/misc/clone,cheatsheet/guides/rbd-config/misc/clone.md,unreviewed
Cheatsheet / Guides / Config deep dives / RBD config deep dive / Defaults & misc / Compression,Complete,Yes,Yes,Yes,No,cheatsheet/guides/rbd-config/misc/compression,cheatsheet/guides/rbd-config/misc/compression.md,unreviewed
Cheatsheet / Guides / Config deep dives / RBD config deep dive / Defaults & misc / Concurrent,Complete,Yes,Yes,Yes,No,cheatsheet/guides/rbd-config/misc/concurrent,cheatsheet/guides/rbd-config/misc/concurrent.md,unreviewed
Cheatsheet / Guides / Config deep dives / RBD config deep dive / Defaults & misc / Config,Complete,Yes,Yes,Yes,No,cheatsheet/guides/rbd-config/misc/config,cheatsheet/guides/rbd-config/misc/config.md,unreviewed
Cheatsheet / Guides / Config deep dives / RBD config deep dive / Defaults & misc / Defaults,Complete,Yes,Yes,Yes,No,cheatsheet/guides/rbd-config/misc/default,cheatsheet/guides/rbd-config/misc/default.md,unreviewed
Cheatsheet / Guides / Config deep dives / RBD config deep dive / Defaults & misc / Disable,Complete,Yes,Yes,Yes,No,cheatsheet/guides/rbd-config/misc/disable,cheatsheet/guides/rbd-config/misc/disable.md,unreviewed
Cheatsheet / Guides / Config deep dives / RBD config deep dive / Defaults & misc / Discard,Complete,Yes,Yes,Yes,No,cheatsheet/guides/rbd-config/misc/discard,cheatsheet/guides/rbd-config/misc/discard.md,unreviewed
Cheatsheet / Guides / Config deep dives / RBD config deep dive / Defaults & misc / Enable,Complete,Yes,Yes,Yes,No,cheatsheet/guides/rbd-config/misc/enable,cheatsheet/guides/rbd-config/misc/enable.md,unreviewed
Cheatsheet / Guides / Config deep dives / RBD config deep dive / Defaults & misc / General,Complete,Yes,Yes,Yes,No,cheatsheet/guides/rbd-config/misc/general,cheatsheet/guides/rbd-config/misc/general.md,unreviewed
Cheatsheet / Guides / Config deep dives / RBD config deep dive / Defaults & misc / Invalidate,Complete,Yes,Yes,Yes,No,cheatsheet/guides/rbd-config/misc/invalidate,cheatsheet/guides/rbd-config/misc/invalidate.md,unreviewed
Cheatsheet / Guides / Config deep dives / RBD config deep dive / Defaults & misc / Localize,Complete,Yes,Yes,Yes,No,cheatsheet/guides/rbd-config/misc/localize,cheatsheet/guides/rbd-config/misc/localize.md,unreviewed
Cheatsheet / Guides / Config deep dives / RBD config deep dive / Defaults & misc / Move,Complete,Yes,Yes,Yes,No,cheatsheet/guides/rbd-config/misc/move,cheatsheet/guides/rbd-config/misc/move.md,unreviewed
Cheatsheet / Guides / Config deep dives / RBD config deep dive / Defaults & misc / Mtime,Complete,Yes,Yes,Yes,No,cheatsheet/guides/rbd-config/misc/mtime,cheatsheet/guides/rbd-config/misc/mtime.md,unreviewed
Cheatsheet / Guides / Config deep dives / RBD config deep dive / Defaults & misc / Non,Complete,Yes,Yes,Yes,No,cheatsheet/guides/rbd-config/misc/non,cheatsheet/guides/rbd-config/misc/non.md,unreviewed
Cheatsheet / Guides / Config deep dives / RBD config deep dive / Defaults & misc / Op,Complete,Yes,Yes,Yes,No,cheatsheet/guides/rbd-config/misc/op,cheatsheet/guides/rbd-config/misc/op.md,unreviewed
Cheatsheet / Guides / Config deep dives / RBD config deep dive / Defaults & misc / Parent,Complete,Yes,Yes,Yes,No,cheatsheet/guides/rbd-config/misc/parent,cheatsheet/guides/rbd-config/misc/parent.md,unreviewed
Cheatsheet / Guides / Config deep dives / RBD config deep dive / Defaults & misc / Persistent,Complete,Yes,Yes,Yes,No,cheatsheet/guides/rbd-config/misc/persistent,cheatsheet/guides/rbd-config/misc/persistent.md,unreviewed
Cheatsheet / Guides / Config deep dives / RBD config deep dive / Defaults & misc / Quiesce,Complete,Yes,Yes,Yes,No,cheatsheet/guides/rbd-config/misc/quiesce,cheatsheet/guides/rbd-config/misc/quiesce.md,unreviewed
Cheatsheet / Guides / Config deep dives / RBD config deep dive / Defaults & misc / Read,Complete,Yes,Yes,Yes,No,cheatsheet/guides/rbd-config/misc/read,cheatsheet/guides/rbd-config/misc/read.md,unreviewed
Cheatsheet / Guides / Config deep dives / RBD config deep dive / Defaults & misc / Request,Complete,Yes,Yes,Yes,No,cheatsheet/guides/rbd-config/misc/request,cheatsheet/guides/rbd-config/misc/request.md,unreviewed
Cheatsheet / Guides / Config deep dives / RBD config deep dive / Defaults & misc / Skip,Complete,Yes,Yes,Yes,No,cheatsheet/guides/rbd-config/misc/skip,cheatsheet/guides/rbd-config/misc/skip.md,unreviewed
Cheatsheet / Guides / Config deep dives / RBD config deep dive / Defaults & misc / Sparse,Complete,Yes,Yes,Yes,No,cheatsheet/guides/rbd-config/misc/sparse,cheatsheet/guides/rbd-config/misc/sparse.md,unreviewed
Cheatsheet / Guides / Config deep dives / RBD config deep dive / Defaults & misc / Validate,Complete,Yes,Yes,Yes,No,cheatsheet/guides/rbd-config/misc/validate,cheatsheet/guides/rbd-config/misc/validate.md,unreviewed
Cheatsheet / Guides / Config deep dives / RBD mirror config deep dive / Start here / Overview,Complete,Yes,Yes,Yes,No,cheatsheet/guides/rbd-mirror-config/OVERVIEW,cheatsheet/guides/rbd-mirror-config/OVERVIEW.md,unreviewed
Cheatsheet / Guides / Config deep dives / RBD mirror config deep dive / Start here / Tuning quick reference,Complete,Yes,Yes,Yes,No,cheatsheet/guides/rbd-mirror-config/TUNING,cheatsheet/guides/rbd-mirror-config/TUNING.md,unreviewed
Cheatsheet / Guides / Config deep dives / RBD mirror config deep dive / RBD mirror / RBD mirror,Complete,Yes,Yes,Yes,No,cheatsheet/guides/rbd-mirror-config/topics/mirror,cheatsheet/guides/rbd-mirror-config/topics/mirror.md,unreviewed
Cheatsheet / Guides / Config deep dives / CephFS mirror config deep dive / Start here / Overview,Complete,Yes,Yes,Yes,No,cheatsheet/guides/cephfs-mirror-config/OVERVIEW,cheatsheet/guides/cephfs-mirror-config/OVERVIEW.md,unreviewed
Cheatsheet / Guides / Config deep dives / CephFS mirror config deep dive / Start here / Tuning quick reference,Complete,Yes,Yes,Yes,No,cheatsheet/guides/cephfs-mirror-config/TUNING,cheatsheet/guides/cephfs-mirror-config/TUNING.md,unreviewed
Cheatsheet / Guides / Config deep dives / CephFS mirror config deep dive / CephFS mirror / CephFS mirror,Complete,Yes,Yes,Yes,No,cheatsheet/guides/cephfs-mirror-config/topics/mirror,cheatsheet/guides/cephfs-mirror-config/topics/mirror.md,unreviewed
Cheatsheet / Guides / Config deep dives / Crimson config deep dive / Start here / Overview,Complete,Yes,Yes,Yes,No,cheatsheet/guides/crimson-config/OVERVIEW,cheatsheet/guides/crimson-config/OVERVIEW.md,unreviewed
Cheatsheet / Guides / Config deep dives / Crimson config deep dive / Start here / Tuning quick reference,Complete,Yes,Yes,Yes,No,cheatsheet/guides/crimson-config/TUNING,cheatsheet/guides/crimson-config/TUNING.md,unreviewed
Cheatsheet / Guides / Config deep dives / Crimson config deep dive / Crimson / Crimson OSD,Complete,Yes,Yes,Yes,No,cheatsheet/guides/crimson-config/topics/crimson,cheatsheet/guides/crimson-config/topics/crimson.md,unreviewed
Cheatsheet / Guides / Config deep dives / Crimson config deep dive / Crimson / Seastore,Complete,Yes,Yes,Yes,No,cheatsheet/guides/crimson-config/topics/seastore,cheatsheet/guides/crimson-config/topics/seastore.md,unreviewed
Cheatsheet / Guides / Config deep dives / Immutable cache config deep dive / Start here / Overview,Complete,Yes,Yes,Yes,No,cheatsheet/guides/immutable-cache-config/OVERVIEW,cheatsheet/guides/immutable-cache-config/OVERVIEW.md,unreviewed
Cheatsheet / Guides / Config deep dives / Immutable cache config deep dive / Start here / Tuning quick reference,Complete,Yes,Yes,Yes,No,cheatsheet/guides/immutable-cache-config/TUNING,cheatsheet/guides/immutable-cache-config/TUNING.md,unreviewed
Cheatsheet / Guides / Config deep dives / Immutable cache config deep dive / Immutable cache / Immutable object cache,Complete,Yes,Yes,Yes,No,cheatsheet/guides/immutable-cache-config/topics/immutable,cheatsheet/guides/immutable-cache-config/topics/immutable.md,unreviewed
Cheatsheet / Guides / Config deep dives / Ceph exporter config deep dive / Start here / Overview,Complete,Yes,Yes,Yes,No,cheatsheet/guides/ceph-exporter-config/OVERVIEW,cheatsheet/guides/ceph-exporter-config/OVERVIEW.md,unreviewed
Cheatsheet / Guides / Config deep dives / Ceph exporter config deep dive / Start here / Tuning quick reference,Complete,Yes,Yes,Yes,No,cheatsheet/guides/ceph-exporter-config/TUNING,cheatsheet/guides/ceph-exporter-config/TUNING.md,unreviewed
Cheatsheet / Guides / Config deep dives / Ceph exporter config deep dive / Exporter / ceph-exporter,Complete,Yes,Yes,Yes,No,cheatsheet/guides/ceph-exporter-config/topics/exporter,cheatsheet/guides/ceph-exporter-config/topics/exporter.md,unreviewed
Cheatsheet / Guides / Contributing,Complete,Yes,Yes,Yes,No,cheatsheet/guides/contributing,cheatsheet/guides/contributing.md,unreviewed
Cheatsheet / Guides / By role / Cluster admin,Complete,Yes,Yes,Yes,No,cheatsheet/guides/roles/cluster-admin,cheatsheet/guides/roles/cluster-admin.md,unreviewed
Cheatsheet / Guides / By role / Storage operator,Complete,Yes,Yes,Yes,No,cheatsheet/guides/roles/storage-operator,cheatsheet/guides/roles/storage-operator.md,unreviewed
Cheatsheet / Guides / By role / RGW admin,Complete,Yes,Yes,Yes,No,cheatsheet/guides/roles/rgw-admin,cheatsheet/guides/roles/rgw-admin.md,unreviewed
Cheatsheet / Guides / By role / CephFS admin,Complete,Yes,Yes,Yes,No,cheatsheet/guides/roles/cephfs-admin,cheatsheet/guides/roles/cephfs-admin.md,unreviewed
Cheatsheet / Guides / By scale / Lab / dev,Complete,Yes,Yes,Yes,No,cheatsheet/guides/scales/lab,cheatsheet/guides/scales/lab.md,unreviewed
Cheatsheet / Guides / By scale / Small production,Complete,Yes,Yes,Yes,No,cheatsheet/guides/scales/small-production,cheatsheet/guides/scales/small-production.md,unreviewed
Cheatsheet / Guides / By scale / Large production,Complete,Yes,Yes,Yes,No,cheatsheet/guides/scales/large-production,cheatsheet/guides/scales/large-production.md,unreviewed
Cheatsheet / Guides / By scale / Multisite,Complete,Yes,Yes,Yes,No,cheatsheet/guides/scales/multisite,cheatsheet/guides/scales/multisite.md,unreviewed
Cheatsheet / CLI / Overview,Complete,Yes,Yes,Yes,No,cheatsheet/cli/OVERVIEW,cheatsheet/cli/OVERVIEW.md,unreviewed
Cheatsheet / CLI / Cluster,Complete,Yes,Yes,Yes,No,cheatsheet/cli/cluster,cheatsheet/cli/cluster.md,unreviewed
Cheatsheet / CLI / Config,Complete,Yes,Yes,Yes,No,cheatsheet/cli/config,cheatsheet/cli/config.md,unreviewed
Cheatsheet / CLI / OSD & pools,Complete,Yes,Yes,Yes,No,cheatsheet/cli/osd-pool,cheatsheet/cli/osd-pool.md,unreviewed
Cheatsheet / CLI / RADOS,Complete,Yes,Yes,Yes,No,cheatsheet/cli/rados,cheatsheet/cli/rados.md,unreviewed
Cheatsheet / CLI / RBD,Complete,Yes,Yes,Yes,No,cheatsheet/cli/rbd,cheatsheet/cli/rbd.md,unreviewed
Cheatsheet / CLI / RGW,Complete,Yes,Yes,Yes,No,cheatsheet/cli/rgw,cheatsheet/cli/rgw.md,unreviewed
Cheatsheet / CLI / CephFS,Complete,Yes,Yes,Yes,No,cheatsheet/cli/cephfs,cheatsheet/cli/cephfs.md,unreviewed
Cheatsheet / CLI / Cephadm,Complete,Yes,Yes,Yes,No,cheatsheet/cli/cephadm,cheatsheet/cli/cephadm.md,unreviewed
Cheatsheet / CLI / Troubleshooting,Complete,Yes,Yes,Yes,No,cheatsheet/cli/troubleshooting,cheatsheet/cli/troubleshooting.md,unreviewed
Cheatsheet / Config / Overview,Complete,Yes,No (incomplete),No (incomplete),No,cheatsheet/config/OVERVIEW,cheatsheet/config/OVERVIEW.md,unreviewed
Cheatsheet / Config / Production examples / Overview,Complete,Yes,No (missing),No (missing),No,cheatsheet/config/examples/OVERVIEW,cheatsheet/config/examples/OVERVIEW.md,unreviewed
Cheatsheet / Config / Production examples / Lab / dev,Complete,Yes,No (missing),No (missing),No,cheatsheet/config/examples/lab,cheatsheet/config/examples/lab.md,unreviewed
Cheatsheet / Config / Production examples / Small production,Complete,Yes,No (missing),No (missing),No,cheatsheet/config/examples/small-production,cheatsheet/config/examples/small-production.md,unreviewed
Cheatsheet / Config / Production examples / Large production,Complete,Yes,No (missing),No (missing),No,cheatsheet/config/examples/large-production,cheatsheet/config/examples/large-production.md,unreviewed
Cheatsheet / Config / Production examples / Multisite,Complete,Yes,No (missing),No (missing),No,cheatsheet/config/examples/multisite,cheatsheet/config/examples/multisite.md,unreviewed
Cheatsheet / Config / Production examples / RGW optimized,Complete,Yes,No (missing),No (missing),No,cheatsheet/config/examples/rgw-optimized,cheatsheet/config/examples/rgw-optimized.md,unreviewed
Cheatsheet / Config / Global,Complete,Yes,No (missing),No (missing),No,cheatsheet/config/global/INDEX,cheatsheet/config/global/INDEX.md,unreviewed
Cheatsheet / Config / OSD,Complete,Yes,No (missing),No (missing),No,cheatsheet/config/osd/INDEX,cheatsheet/config/osd/INDEX.md,unreviewed
Cheatsheet / Config / MON,Complete,Yes,No (missing),No (missing),No,cheatsheet/config/mon/INDEX,cheatsheet/config/mon/INDEX.md,unreviewed
Cheatsheet / Config / MGR,Complete,Yes,No (missing),No (missing),No,cheatsheet/config/mgr/INDEX,cheatsheet/config/mgr/INDEX.md,unreviewed
Cheatsheet / Config / MDS,Complete,Yes,No (missing),No (missing),No,cheatsheet/config/mds/INDEX,cheatsheet/config/mds/INDEX.md,unreviewed
Cheatsheet / Config / MDS client,Complete,Yes,No (missing),No (missing),No,cheatsheet/config/mds-client/INDEX,cheatsheet/config/mds-client/INDEX.md,unreviewed
Cheatsheet / Config / RGW,Complete,Yes,No (missing),No (missing),No,cheatsheet/config/rgw/INDEX,cheatsheet/config/rgw/INDEX.md,unreviewed
Cheatsheet / Config / RBD,Complete,Yes,No (missing),No (missing),No,cheatsheet/config/rbd/INDEX,cheatsheet/config/rbd/INDEX.md,unreviewed
Cheatsheet / Config / RBD mirror,Complete,Yes,No (missing),No (missing),No,cheatsheet/config/rbd-mirror/INDEX,cheatsheet/config/rbd-mirror/INDEX.md,unreviewed
Cheatsheet / Config / CephFS mirror,Complete,Yes,No (missing),No (missing),No,cheatsheet/config/cephfs-mirror/INDEX,cheatsheet/config/cephfs-mirror/INDEX.md,unreviewed
Cheatsheet / Config / Crimson,Complete,Yes,No (missing),No (missing),No,cheatsheet/config/crimson/INDEX,cheatsheet/config/crimson/INDEX.md,unreviewed
Cheatsheet / Config / Immutable cache,Complete,Yes,No (missing),No (missing),No,cheatsheet/config/immutable-object-cache/INDEX,cheatsheet/config/immutable-object-cache/INDEX.md,unreviewed
Cheatsheet / Config / Ceph exporter,Complete,Yes,No (missing),No (missing),No,cheatsheet/config/ceph-exporter/INDEX,cheatsheet/config/ceph-exporter/INDEX.md,unreviewed
Arch / Home,Complete,Yes,Yes,Yes,No,arch/index,arch/index.md,unreviewed
Arch / RGW / Overview,Complete,Yes,Yes,Yes,No,arch/rgw/OVERVIEW,arch/rgw/OVERVIEW.md,unreviewed
Arch / RGW / Guides / Deployment implementation,Complete,Yes,Yes,Yes,No,arch/rgw/guides/deployment-implementation-guide,arch/rgw/guides/deployment-implementation-guide.md,unreviewed
Arch / RGW / Guides / Development convention,Complete,Yes,Yes,Yes,No,arch/rgw/guides/development-convention,arch/rgw/guides/development-convention.md,unreviewed
Arch / RGW / Guides / Source code in docs,Complete,Yes,Yes,Yes,No,arch/rgw/guides/source-code-in-docs,arch/rgw/guides/source-code-in-docs.md,unreviewed
Arch / RGW / Learning program / Overview,Complete,Yes,Yes,Yes,No,arch/rgw/learning-program/index,arch/rgw/learning-program/index.md,unreviewed
Arch / RGW / Learning program / Prerequisites,Complete,Yes,Yes,Yes,No,arch/rgw/learning-program/00-prerequisites,arch/rgw/learning-program/00-prerequisites.md,unreviewed
Arch / RGW / Learning program / Phase 0 — Request path,Complete,Yes,Yes,Yes,No,arch/rgw/learning-program/01-phase-0-request-path,arch/rgw/learning-program/01-phase-0-request-path.md,unreviewed
Arch / RGW / Learning program / Phase 1 — RGWOp lifecycle,Complete,Yes,Yes,Yes,No,arch/rgw/learning-program/02-phase-1-rgwop-lifecycle,arch/rgw/learning-program/02-phase-1-rgwop-lifecycle.md,unreviewed
Arch / RGW / Learning program / Phase 2 — REST & S3,Complete,Yes,Yes,Yes,No,arch/rgw/learning-program/03-phase-2-rest-s3,arch/rgw/learning-program/03-phase-2-rest-s3.md,unreviewed
Arch / RGW / Learning program / Phase 3 — Auth,Complete,Yes,Yes,Yes,No,arch/rgw/learning-program/04-phase-3-auth,arch/rgw/learning-program/04-phase-3-auth.md,unreviewed
Arch / RGW / Learning program / Phase 4 — SAL,Complete,Yes,Yes,Yes,No,arch/rgw/learning-program/05-phase-4-sal,arch/rgw/learning-program/05-phase-4-sal.md,unreviewed
Arch / RGW / Learning program / Phase 5 — RADOS & services,Complete,Yes,Yes,Yes,No,arch/rgw/learning-program/06-phase-5-rados-services,arch/rgw/learning-program/06-phase-5-rados-services.md,unreviewed
Arch / RGW / Learning program / Phase 6 — PUT pipeline,Complete,Yes,Yes,Yes,No,arch/rgw/learning-program/07-phase-6-put-pipeline,arch/rgw/learning-program/07-phase-6-put-pipeline.md,unreviewed
Arch / RGW / Learning program / Phase 7 — Multisite,Complete,Yes,Yes,Yes,No,arch/rgw/learning-program/08-phase-7-multisite,arch/rgw/learning-program/08-phase-7-multisite.md,unreviewed
Arch / RGW / Learning program / Phase 8 — Subsystems,Complete,Yes,Yes,Yes,No,arch/rgw/learning-program/09-phase-8-subsystems,arch/rgw/learning-program/09-phase-8-subsystems.md,unreviewed
Arch / RGW / Learning program / Development checklist,Complete,Yes,Yes,Yes,No,arch/rgw/learning-program/10-development-checklist,arch/rgw/learning-program/10-development-checklist.md,unreviewed
Arch / RGW / Learning program / Study method,Complete,Yes,Yes,Yes,No,arch/rgw/learning-program/study-method,arch/rgw/learning-program/study-method.md,unreviewed
Arch / RGW / Learning program / Progress tracker,Complete,Yes,Yes,Yes,No,arch/rgw/learning-program/progress-tracker,arch/rgw/learning-program/progress-tracker.md,unreviewed
Arch / RGW / System design / System overview,Complete,Yes,Yes,Yes,No,arch/rgw/architecture/system-overview,arch/rgw/architecture/system-overview.md,unreviewed
Arch / RGW / System design / Request pipeline,Complete,Yes,Yes,Yes,No,arch/rgw/architecture/request-pipeline,arch/rgw/architecture/request-pipeline.md,unreviewed
Arch / RGW / System design / Runtime topology,Complete,Yes,Yes,Yes,No,arch/rgw/architecture/runtime-topology,arch/rgw/architecture/runtime-topology.md,unreviewed
Arch / RGW / System design / Worker architecture,Complete,Yes,Yes,Yes,No,arch/rgw/architecture/worker-architecture,arch/rgw/architecture/worker-architecture.md,unreviewed
Arch / RGW / System design / Scheduling,Complete,Yes,Yes,Yes,No,arch/rgw/architecture/scheduling-architecture,arch/rgw/architecture/scheduling-architecture.md,unreviewed
Arch / RGW / System design / dmclock,Complete,Yes,Yes,Yes,No,arch/rgw/architecture/dmclock-architecture,arch/rgw/architecture/dmclock-architecture.md,unreviewed
Arch / RGW / System design / Rate limits,Complete,Yes,Yes,Yes,No,arch/rgw/architecture/rate-limit-architecture,arch/rgw/architecture/rate-limit-architecture.md,unreviewed
Arch / RGW / System design / Object lifecycle,Complete,Yes,Yes,Yes,No,arch/rgw/architecture/object-lifecycle,arch/rgw/architecture/object-lifecycle.md,unreviewed
Arch / RGW / System design / Deployment,Complete,Yes,Yes,Yes,No,arch/rgw/architecture/deployment-architecture,arch/rgw/architecture/deployment-architecture.md,unreviewed
Arch / RGW / System design / Observability,Complete,Yes,Yes,Yes,No,arch/rgw/architecture/observability-overview,arch/rgw/architecture/observability-overview.md,unreviewed
Arch / RGW / System design / Sequence diagrams,Complete,Yes,Yes,Yes,No,arch/rgw/architecture/sequence-diagrams,arch/rgw/architecture/sequence-diagrams.md,unreviewed
Arch / RGW / System design / HA gaps,Complete,Yes,Yes,Yes,No,arch/rgw/architecture/critical-gaps-and-ha-limitations,arch/rgw/architecture/critical-gaps-and-ha-limitations.md,unreviewed
Arch / RGW / Modules / Core request path,Complete,Yes,Yes,Yes,No,arch/rgw/modules/core-request-path,arch/rgw/modules/core-request-path.md,unreviewed
Arch / RGW / Modules / SAL layer,Complete,Yes,Yes,Yes,No,arch/rgw/modules/sal-layer,arch/rgw/modules/sal-layer.md,unreviewed
Arch / RGW / Modules / Auth,Complete,Yes,Yes,Yes,No,arch/rgw/modules/auth,arch/rgw/modules/auth.md,unreviewed
Arch / RGW / Modules / RADOS driver,Complete,Yes,Yes,Yes,No,arch/rgw/modules/rados-driver,arch/rgw/modules/rados-driver.md,unreviewed
Arch / RGW / Modules / Services layer,Complete,Yes,Yes,Yes,No,arch/rgw/modules/services-layer,arch/rgw/modules/services-layer.md,unreviewed
Arch / RGW / Modules / Multisite,Complete,Yes,Yes,Yes,No,arch/rgw/modules/multisite,arch/rgw/modules/multisite.md,unreviewed
Arch / RGW / Modules / Protocol APIs,Complete,Yes,Yes,Yes,No,arch/rgw/modules/protocol-apis,arch/rgw/modules/protocol-apis.md,unreviewed
Dev / Home,Complete,Yes,Yes,Yes,No,dev/index,dev/index.md,unreviewed
